doc_id;current_filename;bibtex_key;title;authors;year;venue;doi_url;obtained
rep_01;Article_repair_01.pdf;9;Resolving model inconsistencies using automated regression planning;Jorge Pinna Puissant, Ragnhild Van Der Straeten, Tom Mens;2015;;https://doi.org/10.1007/s10270-013-0317-9;true
rep_02;Article_repair_02.pdf;10;Computing repair trees for resolving inconsistencies in design models;Alexander Reder, Alexander Egyed;2012;;https://doi.org/10.1145/2351676.2351707;true
rep_03;Article_repair_04.pdf;58;Supporting automatic model inconsistency fixing;Yingfei Xiong, Zhenjiang Hu, Haiyan Zhao, Hui Song, Masato Takeichi, Hong Mei;2009;;https://doi.org/10.1145/1595696.1595757;true
rep_04;Article_repair_05.pdf;14;Detecting and Repairing Inconsistencies Across Heterogeneous Models;Dimitrios S. Kolovos, Richard F. Paige, Fiona A. C. Polack;2008;;https://doi.org/10.1109/ICST.2008.23;true
rep_05;Article_repair_06.pdf;52;Improving Inconsistency Resolution with Side-Effect Evaluation and Costs;Jochen M. Küster and Ksenia Ryndina;2007;;https://doi.org/10.1007/978-3-540-75209-7_10;true
rep_06;Article_repair_07.pdf;45;Consistency Management with Repair Actions;Christian Nentwich, Wolfgang Emmerich, Anthony Finkelstein;2003;;https://doi.org/10.1109/ICSE.2003.1201223;true
rep_07;Article_repair_08.pdf;41;CARE – A Constraint-Based Approach for Re-Establishing Conformance-Relationships;Johannes Schoenboeck, Angelika Kusel, Juergen Etzlstorfer, Elisabeth Kapsammer, Wieland Schwinger, Manuel Wimmer, Martin Wischenbart;2014;;https://dl.acm.org/doi/10.5555/2667691.2667694;true
rep_08;Article_repair_09.pdf;42;Towards Automated Inconsistency Handling in Design Models;Marcos Aurélio Almeida da Silva, Alix Mougenot, Xavier Blanc, Reda Bendraou;2010;;https://doi.org/10.1007/978-3-642-13094-6_28;true
rep_09;Article_repair_10.pdf;13;Generating and Evaluating Choices for Fixing Inconsistencies in UML Design Models;Alexander Egyed, Emmanuel Letier, Anthony Finkelstein;2008;;https://doi.org/10.1109/ASE.2008.20;true
rep_10;Article_repair_11.pdf;77;Correctness of Incremental Model Synchronization with Triple Graph Grammars;Fernando Orejas and Elvira Pino;2014;;https://doi.org/10.1007/978-3-319-08789-4_6;true
rep_11;Article_repair_13.pdf;12;Detecting and Resolving Model Inconsistencies Using Transformation Dependency Analysis;Tom Mens, Ragnhild Van Der Straeten, and Maja D’Hondt;2006;;https://doi.org/10.1007/11880240_15;true
rep_12;Article_repair_14.pdf;48;Towards Automatic Model Synchronization from Model Transformations;Yingfei Xiong, Dongxi Liu, Zhenjiang Hu, Haiyan Zhao, Masato Takeichi, Hong Mei;2007;;https://doi.org/10.1145/1321631.1321657;true
rep_13;Article_repair_15.pdf;82;Conflict Resolution for On-the-fly Change Propagation in Business Processes;Shamila Mafazi, Wolfgang Mayer, Markus Stumptner;2014;;https://dl.acm.org/doi/10.5555/2667691.2667696;true
rep_14;Article_repair_16.pdf;63;Efficient Model Synchronization with View Triple Graph Grammars;Anthony Anjorin, Sebastian Rose, Frederik Deckwerth, and Andy Schürr;2014;;https://doi.org/10.1007/978-3-319-09195-2_1;true
rep_15;Article_repair_17.pdf;43;Using Description Logic to Maintain Consistency between UML Models;Ragnhild Van Der Straeten, Tom Mens, Jocelyn Simmonds, Viviane Jonckers;2003;;https://doi.org/10.1007/978-3-540-45221-8_28;true
rep_16;Article_repair_18.pdf;38;Towards Model Round-Trip Engineering: An Abductive Approach;Thomas Hettel, Michael Lawley, Kerry Raymond;2009;;https://doi.org/10.1007/978-3-642-02408-5_8;true
rep_17;Article_repair_19.pdf;65;Change-Driven Model Transformations: Derivation and Processing of Change Histories;István Ráth, Gergely Varró, Dániel Varró;2012;;https://doi.org/10.1007/978-3-642-04425-0_26;true
rep_18;Article_repair_20.pdf;68;Preventing Information Loss in Incremental Model Synchronization by Reusing Elements;Joel Greenyer, Sebastian Pook, Jan Rieke;2011;;https://doi.org/10.1007/978-3-642-21470-7_11;true
rep_19;Article_repair_21.pdf;61;Assessing the Kodkod Model Finder for Resolving Model Inconsistencies;Ragnhild Van Der Straeten, Jorge Pinna Puissant, Tom Mens;2011;;https://doi.org/10.1007/978-3-642-21470-7_6;true
rep_20;Article_repair_22.pdf;78;Toward Bidirectionalization of ATL with GRoundTram;Isao Sasano, Zhenjiang Hu, Soichiro Hidaka, Kazuhiro Inaba, Hiroyuki Kato, Keisuke Nakano;2011;;https://doi.org/10.1007/978-3-642-21732-6_10;true
rep_21;Article_repair_23.pdf;71;Concurrent Model Synchronization with Conflict Resolution Based on Triple Graph Grammars;Frank Hermann, Hartmut Ehrig, Claudia Ermel, Fernando Orejas;2012;;https://doi.org/10.1007/978-3-642-28872-2_13;true
rep_22;Article_repair_24.pdf;76;Efficient Model Synchronization with Precedence Triple Graph Grammars;Marius Lauder, Anthony Anjorin, Gergely Varró, Andy Schürr;2012;;https://doi.org/10.1007/978-3-642-33654-6_27;true
rep_23;Article_repair_25.pdf;20;Target Oriented Relational Model Finding;Alcino Cunha, Nuno Macedo, Tiago Guimarães;2014;;https://doi.org/10.1007/978-3-642-54804-8_2;true
rep_24;Article_repair_26.pdf;51;Change propagation and bidirectionality in internal transformation DSLs;Georg Hinkel, Erik Burger;2015;;https://doi.org/10.1007/s10270-017-0617-6;true
rep_25;Article_repair_29.pdf;11;Inconsistency Handling in Multiperspective Specifications;Anthony C. W. Finkelstein, Dov Gabbay, Anthony Hunter, Jeff Kramer, Bashar Nuseibeh;1994;;https://doi.org/10.1109/32.310667;true
rep_26;Article_repair_30.pdf;50;Inconsistency Management for Multiple-View Software Development Environments;John Grundy, John Hosking, Warwick B. Mugridge;1998;;https://doi.org/10.1109/32.730545;true
rep_27;Article_repair_31.pdf;55;Instant and Incremental QVT Transformation for Runtime Models;Hui Song, Gang Huang, Franck Chauvel, Wei Zhang, Yanchun Sun, Weizhong Shao, Hong Mei;2011;;https://doi.org/10.1007/978-3-642-24485-8_20;true
rep_28;Article_repair_32.pdf;49;Relationship-based change propagation: A case study;Marsha Chechik, Winnie Lai, Shiva Nejati, Jordi Cabot, Zinovy Diskin, Steve Easterbrook, Mehrdad Sabetzadeh, Rick Salay;2009;;https://doi.org/10.1109/MISE.2009.5069890;true
rep_29;Article_repair_33.pdf;46;Managing Requirements Inconsistency with Development Goal Monitors;William N. Robinson, Suzanne D. Pawlowski;1999;;https://doi.org/10.1109/32.824411;true
rep_30;Article_repair_34.pdf;47;Pragmatic Consistency Management in Industrial Requirements Specifications;Jan Scheffczyk, Uwe M. Borghoff, Andreas Birk, Johannes Siedersleben;2005;;https://doi.org/10.1109/SEFM.2005.33;true
rep_31;Article_repair_35.pdf;70;Quick Fix Generation for DSMLs;Ábel Hegedüs, Ákos Horváth, István Ráth, Moisés Castelo Branco, Dániel Varró;2011;;https://doi.org/10.1109/VLHCC.2011.6070373;true
rep_32;Article_repair_36.pdf;15;Supporting Change Propagation in UML Models;Hoa Khanh Dam, Michael Winikoff;2010;;https://doi.org/10.1109/ICSM.2010.5609712;true
rep_33;Article_repair_37.pdf;73;Tracing Evolution Changes of Software Artifacts through Model Synchronization;Igor Ivkovic, Kostas Kontogiannis;2004;;https://doi.org/10.1109/ICSM.2004.1357809;true
rep_34;Article_repair_38.pdf;79;A Plug-In for Flexible and Incremental Consistency Management;Robert Wagner, Holger Giese, Ulrich A. Nickel;2003;;https://api.semanticscholar.org/CorpusID:60863975;true
rep_35;Article_repair_39.pdf;39;Using Abduction to Evolve Inconsistent Requirements Specifications;Bashar Nuseibeh, Alessandra Russo;1999;;https://doi.org/10.3127/ajis.v6i2.296;true
rep_36;Article_repair_40.pdf;57;Implementing a Bidirectional Model Transformation Language as an Internal DSL in Scala;Arif Wider;2014;;https://www.researchgate.net/publication/263088305_Implementing_a_Bidirectional_Model_Transformation_Language_as_an_Internal_DSL_in_Scala;true
rep_37;Article_repair_41.pdf;44;Handling Conflict Between Domain Descriptions with Computer-Supported Negotiation;Steve Easterbrook;1991;;https://doi.org/10.1016/1042-8143(91)90007-A;true
rep_38;Article_repair_43.pdf;56;Reconciling Requirements: a method for managing interference, inconsistency and conflict;George Spanoudakis, Anthony Finkelstein;1997;;https://doi.org/10.1023/A:1018998207415;true
rep_39;Article_repair_44.pdf;60;Towards a Framework for Multidirectional Model Transformations;Nuno Macedo, Alcino Cunha, Hugo Pacheco;2014;;https://link.springer.com/article/10.1007/s10270-006-0016-x;true
rep_40;Article_repair_45.pdf;74;MDI: a rule-based multi-document and tool integration approach;Alexander Königs, Andy Schürr;2006;;https://doi.org/10.1007/s10270-006-0016-x;true
rep_41;Article_repair_46.pdf;64;A graph-based algorithm for consistency maintenance in incremental and interactive integration tools;Simon M. Becker, Sebastian Herold, Sebastian Lohmann, Bernhard Westfechtel;2007;;https://doi.org/10.1007/s10270-006-0045-5;true
rep_42;Article_repair_47.pdf;66;From model transformation to incremental bidirectional model synchronization;Holger Giese, Robert Wagner;2009;;https://doi.org/10.1007/s10270-008-0089-9;true
rep_43;Article_repair_48.pdf;54;Synchronization of abstract and concrete syntax in domain-specific modeling languages: By mapping models and live transformations;István Ráth, András Ökrös, Dániel Varró;2010;;https://doi.org/10.1007/s10270-009-0122-7;true
rep_44;Article_repair_49.pdf;37;A model-driven approach to automate the propagation of changes among Architecture Description Languages;Romina Eramo, Ivano Malavolta, Henry Muccini, Patrizio Pelliccione, Alfonso Pierantonio;2012;;https://doi.org/10.1007/s10270-010-0170-z;true
rep_45;Article_repair_50.pdf;59;Synchronizing concurrent model updates based on bidirectional transformation;Yingfei Xiong, Hui Song, Zhenjiang Hu, Masato Takeichi;2013;;https://doi.org/10.1007/s10270-010-0187-3;true
rep_46;Article_repair_51.pdf;72;Model synchronization based on triple graph grammars: correctness, completeness and invertibility;Frank Hermann, Hartmut Ehrig, Fernando Orejas, Krzysztof Czarnecki, Zinovy Diskin, Yingfei Xiong, Susann Gottmann, Thomas Engel;2015;;https://doi.org/10.1007/s10270-012-0309-1;true
rep_47;Article_repair_53.pdf;28;Least-change bidirectional model transformation with QVT-R and ATL;Nuno Macedo, Alcino Cunha;2014;;https://doi.org/10.1007/s10270-014-0437-x;true
rep_48;Article_repair_54.pdf;53;Rule-Based Detection of Inconsistency in UML Models;WenQian Liu, Steve Easterbrook, John Mylopoulos;2002;;https://api.semanticscholar.org/CorpusID:10481581;true
rep_49;Article_repair_03.pdf;7;Using viewpoints for inconsistency management;S. Easterbrook and B. Nuseibeh;1996;;https://doi.org/10.1049/sej.1996.0004;true
rep_50;Article_repair_12.pdf;40;Resolving Model Inconsistencies with Automated Planning;Jorge Pinna Puissant, Tom Mens, Ragnhild Van Der Straeten;2010;;https://ceur-ws.org/Vol-661/paper3.pdf;true
rep_51;Article_repair_27.pdf;62;Checking and enforcement of modeling guidelines with graph transformations;C. Amelunxen, E. Legros, A. Sch€ urr, and I. St€ urmer;2007;;https://doi.org/10.1007/978-3-540-89020-1_22;true
rep_52;Article_repair_28.pdf;67;ViewPoint-oriented software development by distributed graph transformation: Towards a basis for living with inconsistencies;M. Goedicke, T. Meyer, and G. Taentzer;1999;;https://ieeexplore.ieee.org/abstract/document/777989;true
rep_53;Article_repair_42.pdf;69;Extended model relations with graphical consistency conditions;J. H. Hausmann, R. Heckel, and S. Sauer;2002;;https://ris.uni-paderborn.de/record/8368;true
rep_54;Article_repair_52.pdf;75;New strategies to resolve inconsistencies between models of decoupled tools;A.-T. K€ ortgen;2010;;https://www.sse-rwth.de/publications/New-Strategies-to-Resolve-Inconsistencies-between-Models-of-Decoupled-Tools.pdf;true
